,Year,ID,Num_Vehicles,Type,Fuel,Distance_bucket,Distance_per_vehicle(km)
0,2023,LNG_S1_2023,73,Buy,,,0.0
1,2023,LNG_S2_2023,34,Buy,,,0.0
2,2023,LNG_S3_2023,81,Buy,,,0.0
3,2023,LNG_S4_2023,11,Buy,,,0.0
4,2023,LNG_S4_2023,1,Use,LNG,D1,14576.0
5,2023,LNG_S2_2023,1,Use,LNG,D1,41694.0
6,2023,LNG_S1_2023,1,Use,LNG,D1,53181.0
7,2023,LNG_S3_2023,1,Use,LNG,D1,66475.0
8,2023,LNG_S3_2023,29,Use,LNG,D1,73000.0
9,2023,LNG_S1_2023,8,Use,LNG,D1,102000.0
10,2023,LNG_S2_2023,9,Use,LNG,D1,106000.0
11,2023,LNG_S2_2023,1,Use,LNG,D2,5196.0
12,2023,LNG_S3_2023,1,Use,LNG,D2,22901.0
13,2023,LNG_S4_2023,1,Use,LNG,D2,46717.0
14,2023,LNG_S1_2023,1,Use,LNG,D2,47094.0
15,2023,LNG_S3_2023,33,Use,LNG,D2,73000.0
16,2023,LNG_S1_2023,25,Use,LNG,D2,102000.0
17,2023,LNG_S2_2023,13,Use,LNG,D2,106000.0
18,2023,LNG_S4_2023,6,Use,LNG,D2,118000.0
19,2023,LNG_S4_2023,1,Use,LNG,D3,899.0
20,2023,LNG_S1_2023,1,Use,LNG,D3,28011.0
21,2023,LNG_S2_2023,1,Use,LNG,D3,36008.0
22,2023,LNG_S3_2023,1,Use,LNG,D3,53466.0
23,2023,LNG_S3_2023,13,Use,LNG,D3,73000.0
24,2023,LNG_S1_2023,32,Use,LNG,D3,102000.0
25,2023,LNG_S2_2023,7,Use,LNG,D3,106000.0
26,2023,LNG_S4_2023,1,Use,LNG,D3,118000.0
27,2023,LNG_S4_2023,1,Use,LNG,D4,1809.0
28,2023,LNG_S1_2023,1,Use,LNG,D4,6315.0
29,2023,LNG_S2_2023,1,Use,LNG,D4,27677.0
30,2023,LNG_S3_2023,1,Use,LNG,D4,59426.0
31,2023,LNG_S3_2023,2,Use,LNG,D4,73000.0
32,2023,LNG_S1_2023,4,Use,LNG,D4,102000.0
33,2023,LNG_S2_2023,1,Use,LNG,D4,106000.0
34,2023,LNG_S3_2023,28,Sell,,,0.0
35,2023,LNG_S4_2023,11,Sell,,,0.0
36,2024,LNG_S1_2024,1,Buy,,,0.0
37,2024,LNG_S3_2024,30,Buy,,,0.0
38,2024,LNG_S4_2024,11,Buy,,,0.0
39,2024,LNG_S4_2024,1,Use,LNG,D1,15200.0
40,2024,LNG_S3_2024,1,Use,LNG,D1,49440.0
41,2024,LNG_S1_2024,1,Use,LNG,D1,61242.0
42,2024,LNG_S3_2023,1,Use,LNG,D1,73000.0
43,2024,LNG_S3_2024,29,Use,LNG,D1,73000.0
44,2024,LNG_S2_2023,1,Use,LNG,D1,89209.0
45,2024,LNG_S1_2023,8,Use,LNG,D1,102000.0
46,2024,LNG_S2_2023,9,Use,LNG,D1,106000.0
47,2024,LNG_S2_2023,1,Use,LNG,D2,13987.0
48,2024,LNG_S3_2023,1,Use,LNG,D2,44497.0
49,2024,LNG_S1_2023,1,Use,LNG,D2,64195.0
50,2024,LNG_S4_2024,1,Use,LNG,D2,72979.0
51,2024,LNG_S3_2023,33,Use,LNG,D2,73000.0
52,2024,LNG_S1_2023,26,Use,LNG,D2,102000.0
53,2024,LNG_S2_2023,13,Use,LNG,D2,106000.0
54,2024,LNG_S4_2024,6,Use,LNG,D2,118000.0
55,2024,LNG_S4_2024,1,Use,LNG,D3,4186.0
56,2024,LNG_S3_2023,1,Use,LNG,D3,7375.0
57,2024,LNG_S2_2023,1,Use,LNG,D3,65076.0
58,2024,LNG_S1_2023,1,Use,LNG,D3,72604.0
59,2024,LNG_S3_2023,14,Use,LNG,D3,73000.0
60,2024,LNG_S1_2023,32,Use,LNG,D3,102000.0
61,2024,LNG_S2_2023,7,Use,LNG,D3,106000.0
62,2024,LNG_S4_2024,1,Use,LNG,D3,118000.0
63,2024,LNG_S4_2024,1,Use,LNG,D4,1893.0
64,2024,LNG_S1_2023,1,Use,LNG,D4,11981.0
65,2024,LNG_S2_2023,1,Use,LNG,D4,27712.0
66,2024,LNG_S3_2023,1,Use,LNG,D4,62440.0
67,2024,LNG_S3_2023,2,Use,LNG,D4,73000.0
68,2024,LNG_S1_2023,4,Use,LNG,D4,102000.0
69,2024,LNG_S2_2023,1,Use,LNG,D4,106000.0
70,2024,LNG_S3_2023,40,Sell,,,0.0
71,2025,LNG_S1_2025,2,Buy,,,0.0
72,2025,LNG_S2_2025,1,Buy,,,0.0
73,2025,LNG_S3_2025,41,Buy,,,0.0
74,2025,LNG_S4_2024,1,Use,LNG,D1,15615.0
75,2025,LNG_S2_2025,1,Use,LNG,D1,22065.0
76,2025,LNG_S1_2025,1,Use,LNG,D1,61707.0
77,2025,LNG_S3_2025,1,Use,LNG,D1,65136.0
78,2025,LNG_S3_2025,30,Use,LNG,D1,73000.0
79,2025,LNG_S1_2023,6,Use,LNG,D1,102000.0
80,2025,LNG_S1_2024,1,Use,LNG,D1,102000.0
81,2025,LNG_S1_2025,1,Use,LNG,D1,102000.0
82,2025,LNG_S2_2023,10,Use,LNG,D1,106000.0
83,2025,LNG_S3_2025,1,Use,LNG,D2,19227.0
84,2025,LNG_S2_2023,1,Use,LNG,D2,32584.0
85,2025,LNG_S3_2024,25,Use,LNG,D2,73000.0
86,2025,LNG_S3_2025,9,Use,LNG,D2,73000.0
87,2025,LNG_S1_2023,1,Use,LNG,D2,82223.0
88,2025,LNG_S4_2024,1,Use,LNG,D2,83079.0
89,2025,LNG_S1_2023,27,Use,LNG,D2,102000.0
90,2025,LNG_S2_2023,13,Use,LNG,D2,106000.0
91,2025,LNG_S4_2024,6,Use,LNG,D2,118000.0
92,2025,LNG_S4_2024,1,Use,LNG,D3,5252.0
93,2025,LNG_S3_2024,1,Use,LNG,D3,31662.0
94,2025,LNG_S3_2023,10,Use,LNG,D3,73000.0
95,2025,LNG_S3_2024,4,Use,LNG,D3,73000.0
96,2025,LNG_S2_2023,1,Use,LNG,D3,79678.0
97,2025,LNG_S1_2023,1,Use,LNG,D3,80113.0
98,2025,LNG_S1_2023,33,Use,LNG,D3,102000.0
99,2025,LNG_S2_2023,7,Use,LNG,D3,106000.0
100,2025,LNG_S4_2024,1,Use,LNG,D3,118000.0
101,2025,LNG_S4_2024,1,Use,LNG,D4,1927.0
102,2025,LNG_S2_2023,1,Use,LNG,D4,31231.0
103,2025,LNG_S1_2023,1,Use,LNG,D4,31767.0
104,2025,LNG_S3_2023,1,Use,LNG,D4,72537.0
105,2025,LNG_S3_2023,2,Use,LNG,D4,73000.0
106,2025,LNG_S1_2023,4,Use,LNG,D4,102000.0
107,2025,LNG_S2_2023,1,Use,LNG,D4,106000.0
108,2025,LNG_S2_2023,17,Sell,,,0.0
109,2025,LNG_S3_2023,13,Sell,,,0.0
110,2025,LNG_S4_2024,11,Sell,,,0.0
111,2026,LNG_S1_2026,2,Buy,,,0.0
112,2026,LNG_S2_2026,17,Buy,,,0.0
113,2026,LNG_S3_2026,16,Buy,,,0.0
114,2026,LNG_S4_2026,11,Buy,,,0.0
115,2026,LNG_S4_2026,1,Use,LNG,D1,15916.0
116,2026,LNG_S2_2026,1,Use,LNG,D1,30703.0
117,2026,LNG_S3_2026,1,Use,LNG,D1,66773.0
118,2026,LNG_S1_2026,1,Use,LNG,D1,68095.0
119,2026,LNG_S3_2025,16,Use,LNG,D1,73000.0
120,2026,LNG_S3_2026,15,Use,LNG,D1,73000.0
121,2026,LNG_S1_2023,4,Use,LNG,D1,102000.0
122,2026,LNG_S1_2024,1,Use,LNG,D1,102000.0
123,2026,LNG_S1_2025,2,Use,LNG,D1,102000.0
124,2026,LNG_S1_2026,1,Use,LNG,D1,102000.0
125,2026,LNG_S2_2026,10,Use,LNG,D1,106000.0
126,2026,LNG_S3_2025,1,Use,LNG,D2,42893.0
127,2026,LNG_S1_2023,1,Use,LNG,D2,53150.0
128,2026,LNG_S3_2024,10,Use,LNG,D2,73000.0
129,2026,LNG_S3_2025,24,Use,LNG,D2,73000.0
130,2026,LNG_S2_2026,1,Use,LNG,D2,74683.0
131,2026,LNG_S4_2026,1,Use,LNG,D2,86430.0
132,2026,LNG_S1_2023,28,Use,LNG,D2,102000.0
133,2026,LNG_S2_2023,7,Use,LNG,D2,106000.0
134,2026,LNG_S2_2025,1,Use,LNG,D2,106000.0
135,2026,LNG_S2_2026,5,Use,LNG,D2,106000.0
136,2026,LNG_S4_2026,6,Use,LNG,D2,118000.0
137,2026,LNG_S4_2026,1,Use,LNG,D3,8715.0
138,2026,LNG_S3_2024,1,Use,LNG,D3,8927.0
139,2026,LNG_S1_2023,1,Use,LNG,D3,69030.0
140,2026,LNG_S3_2024,15,Use,LNG,D3,73000.0
141,2026,LNG_S2_2023,1,Use,LNG,D3,83939.0
142,2026,LNG_S1_2023,34,Use,LNG,D3,102000.0
143,2026,LNG_S2_2023,7,Use,LNG,D3,106000.0
144,2026,LNG_S4_2026,1,Use,LNG,D3,118000.0
145,2026,LNG_S3_2024,1,Use,LNG,D4,181.0
146,2026,LNG_S4_2026,1,Use,LNG,D4,1989.0
147,2026,LNG_S2_2023,1,Use,LNG,D4,35128.0
148,2026,LNG_S1_2023,1,Use,LNG,D4,38478.0
149,2026,LNG_S3_2024,3,Use,LNG,D4,73000.0
150,2026,LNG_S1_2023,4,Use,LNG,D4,102000.0
151,2026,LNG_S2_2023,1,Use,LNG,D4,106000.0
152,2026,LNG_S2_2023,17,Sell,,,0.0
153,2026,LNG_S3_2024,25,Sell,,,0.0
154,2027,LNG_S1_2027,3,Buy,,,0.0
155,2027,LNG_S2_2027,18,Buy,,,0.0
156,2027,LNG_S3_2027,27,Buy,,,0.0
157,2027,LNG_S4_2027,1,Buy,,,0.0
158,2027,LNG_S3_2027,3,Use,BioLNG,D1,73000.0
159,2027,LNG_S1_2023,2,Use,BioLNG,D1,102000.0
160,2027,LNG_S1_2026,1,Use,BioLNG,D1,102000.0
161,2027,LNG_S2_2027,1,Use,BioLNG,D1,106000.0
162,2027,LNG_S1_2027,1,Use,LNG,D1,5004.0
163,2027,LNG_S4_2027,1,Use,LNG,D1,16532.0
164,2027,LNG_S3_2027,1,Use,LNG,D1,45369.0
165,2027,LNG_S2_2027,1,Use,LNG,D1,54957.0
166,2027,LNG_S3_2026,6,Use,LNG,D1,73000.0
167,2027,LNG_S3_2027,23,Use,LNG,D1,73000.0
168,2027,LNG_S1_2024,1,Use,LNG,D1,102000.0
169,2027,LNG_S1_2025,2,Use,LNG,D1,102000.0
170,2027,LNG_S1_2026,1,Use,LNG,D1,102000.0
171,2027,LNG_S1_2027,2,Use,LNG,D1,102000.0
172,2027,LNG_S2_2027,9,Use,LNG,D1,106000.0
173,2027,LNG_S3_2025,4,Use,BioLNG,D2,73000.0
174,2027,LNG_S3_2026,2,Use,BioLNG,D2,73000.0
175,2027,LNG_S1_2023,1,Use,BioLNG,D2,102000.0
176,2027,LNG_S2_2027,1,Use,BioLNG,D2,106000.0
177,2027,LNG_S4_2026,3,Use,BioLNG,D2,118000.0
178,2027,LNG_S4_2026,1,Use,LNG,D2,3347.0
179,2027,LNG_S3_2026,1,Use,LNG,D2,36566.0
180,2027,LNG_S1_2023,1,Use,LNG,D2,65153.0
181,2027,LNG_S3_2025,22,Use,LNG,D2,73000.0
182,2027,LNG_S3_2026,7,Use,LNG,D2,73000.0
183,2027,LNG_S1_2023,28,Use,LNG,D2,102000.0
184,2027,LNG_S2_2027,1,Use,LNG,D2,102077.0
185,2027,LNG_S2_2026,7,Use,LNG,D2,106000.0
186,2027,LNG_S2_2027,5,Use,LNG,D2,106000.0
187,2027,LNG_S4_2026,4,Use,LNG,D2,118000.0
188,2027,LNG_S3_2025,1,Use,BioLNG,D3,42494.0
189,2027,LNG_S3_2024,1,Use,BioLNG,D3,73000.0
190,2027,LNG_S3_2025,1,Use,BioLNG,D3,73000.0
191,2027,LNG_S1_2023,2,Use,BioLNG,D3,102000.0
192,2027,LNG_S2_2026,1,Use,BioLNG,D3,106000.0
193,2027,LNG_S4_2026,1,Use,BioLNG,D3,118000.0
194,2027,LNG_S1_2023,1,Use,LNG,D3,11681.0
195,2027,LNG_S4_2026,1,Use,LNG,D3,11765.0
196,2027,LNG_S2_2026,1,Use,LNG,D3,14851.0
197,2027,LNG_S3_2025,13,Use,LNG,D3,73000.0
198,2027,LNG_S1_2023,33,Use,LNG,D3,102000.0
199,2027,LNG_S2_2026,7,Use,LNG,D3,106000.0
200,2027,LNG_S4_2026,1,Use,LNG,D4,2019.0
201,2027,LNG_S3_2024,1,Use,LNG,D4,5937.0
202,2027,LNG_S2_2026,1,Use,LNG,D4,40448.0
203,2027,LNG_S1_2023,1,Use,LNG,D4,59174.0
204,2027,LNG_S3_2024,3,Use,LNG,D4,73000.0
205,2027,LNG_S1_2023,4,Use,LNG,D4,102000.0
206,2027,LNG_S2_2025,1,Use,LNG,D4,106000.0
207,2027,LNG_S1_2023,38,Sell,,,0.0
208,2027,LNG_S3_2024,5,Sell,,,0.0
209,2028,LNG_S1_2028,40,Buy,,,0.0
210,2028,LNG_S2_2028,1,Buy,,,0.0
211,2028,LNG_S3_2028,7,Buy,,,0.0
212,2028,LNG_S3_2028,1,Use,BioLNG,D1,39472.0
213,2028,LNG_S3_2027,4,Use,BioLNG,D1,73000.0
214,2028,LNG_S3_2028,1,Use,BioLNG,D1,73000.0
215,2028,LNG_S1_2028,4,Use,BioLNG,D1,102000.0
216,2028,LNG_S2_2027,2,Use,BioLNG,D1,106000.0
217,2028,LNG_S4_2027,1,Use,LNG,D1,16863.0
218,2028,LNG_S1_2028,1,Use,LNG,D1,50137.0
219,2028,LNG_S3_2027,23,Use,LNG,D1,73000.0
220,2028,LNG_S3_2028,5,Use,LNG,D1,73000.0
221,2028,LNG_S2_2028,1,Use,LNG,D1,82178.0
222,2028,LNG_S1_2028,5,Use,LNG,D1,102000.0
223,2028,LNG_S2_2027,8,Use,LNG,D1,106000.0
224,2028,LNG_S4_2026,1,Use,BioLNG,D2,25953.0
225,2028,LNG_S1_2028,1,Use,BioLNG,D2,54155.0
226,2028,LNG_S3_2025,10,Use,BioLNG,D2,73000.0
227,2028,LNG_S3_2026,3,Use,BioLNG,D2,73000.0
228,2028,LNG_S1_2027,1,Use,BioLNG,D2,102000.0
229,2028,LNG_S1_2028,5,Use,BioLNG,D2,102000.0
230,2028,LNG_S2_2026,1,Use,BioLNG,D2,106000.0
231,2028,LNG_S3_2026,1,Use,LNG,D2,39924.0
232,2028,LNG_S2_2027,1,Use,LNG,D2,62703.0
233,2028,LNG_S3_2025,11,Use,LNG,D2,73000.0
234,2028,LNG_S3_2026,12,Use,LNG,D2,73000.0
235,2028,LNG_S1_2028,24,Use,LNG,D2,102000.0
236,2028,LNG_S2_2026,6,Use,LNG,D2,106000.0
237,2028,LNG_S2_2027,7,Use,LNG,D2,106000.0
238,2028,LNG_S4_2026,7,Use,LNG,D2,118000.0
239,2028,LNG_S2_2026,1,Use,BioLNG,D3,54415.0
240,2028,LNG_S3_2025,2,Use,BioLNG,D3,73000.0
241,2028,LNG_S1_2023,7,Use,BioLNG,D3,102000.0
242,2028,LNG_S1_2024,1,Use,BioLNG,D3,102000.0
243,2028,LNG_S1_2027,1,Use,BioLNG,D3,102000.0
244,2028,LNG_S2_2026,1,Use,BioLNG,D3,106000.0
245,2028,LNG_S4_2026,1,Use,BioLNG,D3,118000.0
246,2028,LNG_S4_2026,1,Use,LNG,D3,15929.0
247,2028,LNG_S1_2027,1,Use,LNG,D3,59269.0
248,2028,LNG_S3_2025,1,Use,LNG,D3,60329.0
249,2028,LNG_S3_2025,13,Use,LNG,D3,73000.0
250,2028,LNG_S1_2023,23,Use,LNG,D3,102000.0
251,2028,LNG_S1_2025,2,Use,LNG,D3,102000.0
252,2028,LNG_S1_2026,2,Use,LNG,D3,102000.0
253,2028,LNG_S2_2026,7,Use,LNG,D3,106000.0
254,2028,LNG_S3_2025,1,Use,BioLNG,D4,73000.0
255,2028,LNG_S4_2026,1,Use,LNG,D4,2066.0
256,2028,LNG_S3_2025,1,Use,LNG,D4,14462.0
257,2028,LNG_S2_2026,1,Use,LNG,D4,42036.0
258,2028,LNG_S1_2023,1,Use,LNG,D4,61168.0
259,2028,LNG_S3_2025,2,Use,LNG,D4,73000.0
260,2028,LNG_S1_2023,4,Use,LNG,D4,102000.0
261,2028,LNG_S2_2025,1,Use,LNG,D4,106000.0
262,2028,LNG_S3_2025,33,Sell,,,0.0
263,2028,LNG_S4_2026,11,Sell,,,0.0
264,2029,LNG_S1_2029,3,Buy,,,0.0
265,2029,LNG_S2_2029,2,Buy,,,0.0
266,2029,LNG_S3_2029,37,Buy,,,0.0
267,2029,LNG_S4_2029,11,Buy,,,0.0
268,2029,LNG_S4_2029,1,Use,BioLNG,D1,17544.0
269,2029,LNG_S3_2029,9,Use,BioLNG,D1,73000.0
270,2029,LNG_S1_2028,1,Use,BioLNG,D1,102000.0
271,2029,LNG_S2_2027,5,Use,BioLNG,D1,106000.0
272,2029,LNG_S2_2029,1,Use,LNG,D1,7616.0
273,2029,LNG_S3_2029,1,Use,LNG,D1,15153.0
274,2029,LNG_S3_2029,25,Use,LNG,D1,73000.0
275,2029,LNG_S1_2029,1,Use,LNG,D1,91629.0
276,2029,LNG_S1_2028,6,Use,LNG,D1,102000.0
277,2029,LNG_S1_2029,2,Use,LNG,D1,102000.0
278,2029,LNG_S2_2027,4,Use,LNG,D1,106000.0
279,2029,LNG_S2_2028,1,Use,LNG,D1,106000.0
280,2029,LNG_S2_2029,1,Use,LNG,D1,106000.0
281,2029,LNG_S2_2027,1,Use,BioLNG,D2,18555.0
282,2029,LNG_S3_2027,12,Use,BioLNG,D2,73000.0
283,2029,LNG_S3_2028,2,Use,BioLNG,D2,73000.0
284,2029,LNG_S3_2029,1,Use,BioLNG,D2,73000.0
285,2029,LNG_S1_2028,6,Use,BioLNG,D2,102000.0
286,2029,LNG_S2_2026,3,Use,BioLNG,D2,106000.0
287,2029,LNG_S2_2027,2,Use,BioLNG,D2,106000.0
288,2029,LNG_S4_2029,1,Use,BioLNG,D2,118000.0
289,2029,LNG_S3_2029,1,Use,LNG,D2,21108.0
290,2029,LNG_S1_2028,1,Use,LNG,D2,26349.0
291,2029,LNG_S4_2029,1,Use,LNG,D2,59863.0
292,2029,LNG_S3_2026,3,Use,LNG,D2,73000.0
293,2029,LNG_S3_2027,15,Use,LNG,D2,73000.0
294,2029,LNG_S3_2028,5,Use,LNG,D2,73000.0
295,2029,LNG_S1_2028,25,Use,LNG,D2,102000.0
296,2029,LNG_S2_2026,4,Use,LNG,D2,106000.0
297,2029,LNG_S2_2027,6,Use,LNG,D2,106000.0
298,2029,LNG_S4_2029,6,Use,LNG,D2,118000.0
299,2029,LNG_S3_2026,1,Use,BioLNG,D3,7528.0
300,2029,LNG_S2_2026,1,Use,BioLNG,D3,68617.0
301,2029,LNG_S3_2026,3,Use,BioLNG,D3,73000.0
302,2029,LNG_S1_2023,11,Use,BioLNG,D3,102000.0
303,2029,LNG_S1_2025,1,Use,BioLNG,D3,102000.0
304,2029,LNG_S1_2026,1,Use,BioLNG,D3,102000.0
305,2029,LNG_S1_2027,1,Use,BioLNG,D3,102000.0
306,2029,LNG_S2_2026,1,Use,BioLNG,D3,106000.0
307,2029,LNG_S1_2028,1,Use,LNG,D3,16298.0
308,2029,LNG_S4_2029,1,Use,LNG,D3,17803.0
309,2029,LNG_S3_2025,4,Use,LNG,D3,73000.0
310,2029,LNG_S3_2026,9,Use,LNG,D3,73000.0
311,2029,LNG_S1_2023,19,Use,LNG,D3,102000.0
312,2029,LNG_S1_2024,1,Use,LNG,D3,102000.0
313,2029,LNG_S1_2025,1,Use,LNG,D3,102000.0
314,2029,LNG_S1_2026,1,Use,LNG,D3,102000.0
315,2029,LNG_S1_2027,2,Use,LNG,D3,102000.0
316,2029,LNG_S2_2026,7,Use,LNG,D3,106000.0
317,2029,LNG_S4_2029,1,Use,LNG,D3,118000.0
318,2029,LNG_S4_2027,1,Use,BioLNG,D4,2113.0
319,2029,LNG_S2_2026,1,Use,BioLNG,D4,42322.0
320,2029,LNG_S3_2025,2,Use,BioLNG,D4,73000.0
321,2029,LNG_S1_2023,1,Use,BioLNG,D4,76671.0
322,2029,LNG_S2_2025,1,Use,BioLNG,D4,106000.0
323,2029,LNG_S3_2025,1,Use,LNG,D4,15155.0
324,2029,LNG_S3_2025,1,Use,LNG,D4,73000.0
325,2029,LNG_S1_2023,4,Use,LNG,D4,102000.0
326,2029,LNG_S1_2024,1,Sell,,,0.0
327,2029,LNG_S1_2025,2,Sell,,,0.0
328,2029,LNG_S2_2025,1,Sell,,,0.0
329,2029,LNG_S2_2026,17,Sell,,,0.0
330,2029,LNG_S3_2025,8,Sell,,,0.0
331,2029,LNG_S3_2026,16,Sell,,,0.0
332,2029,LNG_S4_2027,1,Sell,,,0.0
333,2030,BEV_S1_2030,4,Buy,,,0.0
334,2030,LNG_S2_2030,18,Buy,,,0.0
335,2030,LNG_S3_2030,24,Buy,,,0.0
336,2030,LNG_S4_2030,1,Buy,,,0.0
337,2030,LNG_S3_2029,3,Use,BioLNG,D1,73000.0
338,2030,LNG_S3_2030,9,Use,BioLNG,D1,73000.0
339,2030,LNG_S1_2028,1,Use,BioLNG,D1,102000.0
340,2030,LNG_S1_2029,3,Use,BioLNG,D1,102000.0
341,2030,LNG_S2_2030,1,Use,BioLNG,D1,106000.0
342,2030,BEV_S1_2030,1,Use,Electricity,D1,91798.0
343,2030,BEV_S1_2030,3,Use,Electricity,D1,102000.0
344,2030,LNG_S4_2030,1,Use,LNG,D1,18168.0
345,2030,LNG_S3_2030,1,Use,LNG,D1,36188.0
346,2030,LNG_S2_2030,1,Use,LNG,D1,65293.0
347,2030,LNG_S3_2029,8,Use,LNG,D1,73000.0
348,2030,LNG_S3_2030,14,Use,LNG,D1,73000.0
349,2030,LNG_S1_2028,2,Use,LNG,D1,102000.0
350,2030,LNG_S2_2030,10,Use,LNG,D1,106000.0
351,2030,LNG_S3_2029,1,Use,BioLNG,D2,26498.0
352,2030,LNG_S3_2027,2,Use,BioLNG,D2,73000.0
353,2030,LNG_S3_2028,5,Use,BioLNG,D2,73000.0
354,2030,LNG_S3_2029,6,Use,BioLNG,D2,73000.0
355,2030,LNG_S1_2028,16,Use,BioLNG,D2,102000.0
356,2030,LNG_S2_2027,2,Use,BioLNG,D2,106000.0
357,2030,LNG_S2_2030,3,Use,BioLNG,D2,106000.0
358,2030,LNG_S4_2029,3,Use,BioLNG,D2,118000.0
359,2030,LNG_S1_2028,1,Use,LNG,D2,21854.0
360,2030,LNG_S2_2030,1,Use,LNG,D2,34238.0
361,2030,LNG_S3_2027,4,Use,LNG,D2,73000.0
362,2030,LNG_S3_2028,2,Use,LNG,D2,73000.0
363,2030,LNG_S3_2029,19,Use,LNG,D2,73000.0
364,2030,LNG_S4_2029,1,Use,LNG,D2,93290.0
365,2030,LNG_S1_2028,16,Use,LNG,D2,102000.0
366,2030,LNG_S2_2027,5,Use,LNG,D2,106000.0
367,2030,LNG_S2_2028,1,Use,LNG,D2,106000.0
368,2030,LNG_S2_2029,2,Use,LNG,D2,106000.0
369,2030,LNG_S2_2030,2,Use,LNG,D2,106000.0
370,2030,LNG_S4_2029,4,Use,LNG,D2,118000.0
371,2030,LNG_S3_2027,8,Use,BioLNG,D3,73000.0
372,2030,LNG_S2_2027,1,Use,BioLNG,D3,83478.0
373,2030,LNG_S1_2023,16,Use,BioLNG,D3,102000.0
374,2030,LNG_S1_2027,2,Use,BioLNG,D3,102000.0
375,2030,LNG_S1_2028,2,Use,BioLNG,D3,102000.0
376,2030,LNG_S2_2027,1,Use,BioLNG,D3,106000.0
377,2030,LNG_S4_2029,1,Use,BioLNG,D3,118000.0
378,2030,LNG_S4_2029,1,Use,LNG,D3,18344.0
379,2030,LNG_S3_2027,1,Use,LNG,D3,48569.0
380,2030,LNG_S3_2027,8,Use,LNG,D3,73000.0
381,2030,LNG_S1_2028,1,Use,LNG,D3,83514.0
382,2030,LNG_S1_2023,16,Use,LNG,D3,102000.0
383,2030,LNG_S1_2027,1,Use,LNG,D3,102000.0
384,2030,LNG_S1_2028,1,Use,LNG,D3,102000.0
385,2030,LNG_S2_2027,7,Use,LNG,D3,106000.0
386,2030,LNG_S2_2027,1,Use,BioLNG,D4,49565.0
387,2030,LNG_S3_2027,3,Use,BioLNG,D4,73000.0
388,2030,LNG_S1_2023,1,Use,BioLNG,D4,102000.0
389,2030,LNG_S1_2026,1,Use,BioLNG,D4,102000.0
390,2030,LNG_S4_2029,1,Use,LNG,D4,2114.0
391,2030,LNG_S3_2027,1,Use,LNG,D4,21767.0
392,2030,LNG_S1_2023,1,Use,LNG,D4,88273.0
393,2030,LNG_S1_2023,1,Use,LNG,D4,102000.0
394,2030,LNG_S1_2026,1,Use,LNG,D4,102000.0
395,2030,LNG_S2_2027,1,Use,LNG,D4,106000.0
396,2030,LNG_S1_2026,1,Sell,,,0.0
397,2030,LNG_S2_2027,18,Sell,,,0.0
398,2030,LNG_S3_2027,27,Sell,,,0.0
399,2031,BEV_S1_2031,4,Buy,,,0.0
400,2031,LNG_S2_2031,18,Buy,,,0.0
401,2031,LNG_S3_2031,28,Buy,,,0.0
402,2031,LNG_S4_2030,1,Use,BioLNG,D1,18747.0
403,2031,LNG_S3_2030,4,Use,BioLNG,D1,73000.0
404,2031,LNG_S3_2031,17,Use,BioLNG,D1,73000.0
405,2031,LNG_S2_2031,1,Use,BioLNG,D1,74402.0
406,2031,LNG_S1_2028,2,Use,BioLNG,D1,102000.0
407,2031,LNG_S1_2029,2,Use,BioLNG,D1,102000.0
408,2031,LNG_S2_2031,7,Use,BioLNG,D1,106000.0
409,2031,BEV_S1_2031,1,Use,Electricity,D1,22251.0
410,2031,BEV_S1_2031,3,Use,Electricity,D1,102000.0
411,2031,LNG_S3_2031,1,Use,LNG,D1,64164.0
412,2031,LNG_S3_2030,4,Use,LNG,D1,73000.0
413,2031,LNG_S3_2031,10,Use,LNG,D1,73000.0
414,2031,LNG_S1_2028,2,Use,LNG,D1,102000.0
415,2031,LNG_S1_2029,1,Use,LNG,D1,102000.0
416,2031,LNG_S2_2031,4,Use,LNG,D1,106000.0
417,2031,LNG_S3_2030,1,Use,BioLNG,D2,40164.0
418,2031,LNG_S3_2029,15,Use,BioLNG,D2,73000.0
419,2031,LNG_S3_2030,7,Use,BioLNG,D2,73000.0
420,2031,LNG_S2_2031,1,Use,BioLNG,D2,99196.0
421,2031,LNG_S1_2028,16,Use,BioLNG,D2,102000.0
422,2031,LNG_S2_2030,4,Use,BioLNG,D2,106000.0
423,2031,LNG_S2_2031,3,Use,BioLNG,D2,106000.0
424,2031,LNG_S4_2029,5,Use,BioLNG,D2,118000.0
425,2031,LNG_S1_2028,1,Use,LNG,D2,46718.0
426,2031,LNG_S3_2029,8,Use,LNG,D2,73000.0
427,2031,LNG_S3_2030,8,Use,LNG,D2,73000.0
428,2031,LNG_S1_2028,16,Use,LNG,D2,102000.0
429,2031,LNG_S2_2030,6,Use,LNG,D2,106000.0
430,2031,LNG_S2_2031,2,Use,LNG,D2,106000.0
431,2031,LNG_S4_2029,1,Use,LNG,D2,115960.0
432,2031,LNG_S4_2029,2,Use,LNG,D2,118000.0
433,2031,LNG_S3_2029,1,Use,BioLNG,D3,66148.0
434,2031,LNG_S3_2029,7,Use,BioLNG,D3,73000.0
435,2031,LNG_S1_2028,1,Use,BioLNG,D3,83449.0
436,2031,LNG_S1_2023,12,Use,BioLNG,D3,102000.0
437,2031,LNG_S1_2027,2,Use,BioLNG,D3,102000.0
438,2031,LNG_S1_2028,2,Use,BioLNG,D3,102000.0
439,2031,LNG_S2_2029,1,Use,BioLNG,D3,106000.0
440,2031,LNG_S2_2030,6,Use,BioLNG,D3,106000.0
441,2031,LNG_S4_2029,1,Use,BioLNG,D3,118000.0
442,2031,BEV_S1_2030,4,Use,Electricity,D3,102000.0
443,2031,LNG_S4_2029,1,Use,LNG,D3,21696.0
444,2031,LNG_S3_2028,3,Use,LNG,D3,73000.0
445,2031,LNG_S3_2029,6,Use,LNG,D3,73000.0
446,2031,LNG_S2_2030,1,Use,LNG,D3,95472.0
447,2031,LNG_S1_2023,18,Use,LNG,D3,102000.0
448,2031,LNG_S1_2027,1,Use,LNG,D3,102000.0
449,2031,LNG_S2_2030,1,Use,LNG,D3,106000.0
450,2031,LNG_S1_2023,1,Use,BioLNG,D4,8651.0
451,2031,LNG_S3_2028,1,Use,BioLNG,D4,23813.0
452,2031,LNG_S3_2028,1,Use,BioLNG,D4,73000.0
453,2031,LNG_S1_2023,2,Use,BioLNG,D4,102000.0
454,2031,LNG_S2_2028,1,Use,BioLNG,D4,106000.0
455,2031,LNG_S4_2029,1,Use,LNG,D4,2198.0
456,2031,LNG_S2_2029,1,Use,LNG,D4,55977.0
457,2031,LNG_S3_2028,2,Use,LNG,D4,73000.0
458,2031,LNG_S1_2023,2,Use,LNG,D4,102000.0
459,2031,LNG_S1_2026,1,Use,LNG,D4,102000.0
460,2031,LNG_S1_2023,35,Sell,,,0.0
461,2031,LNG_S1_2026,1,Sell,,,0.0
462,2031,LNG_S1_2027,3,Sell,,,0.0
463,2031,LNG_S3_2028,7,Sell,,,0.0
464,2031,LNG_S4_2029,1,Sell,,,0.0
465,2032,BEV_S1_2032,42,Buy,,,0.0
466,2032,LNG_S2_2032,2,Buy,,,0.0
467,2032,LNG_S3_2032,11,Buy,,,0.0
468,2032,LNG_S4_2032,2,Buy,,,0.0
469,2032,LNG_S4_2032,1,Use,BioLNG,D1,19298.0
470,2032,LNG_S3_2031,11,Use,BioLNG,D1,73000.0
471,2032,LNG_S3_2032,3,Use,BioLNG,D1,73000.0
472,2032,LNG_S2_2031,1,Use,BioLNG,D1,106000.0
473,2032,LNG_S2_2032,1,Use,BioLNG,D1,106000.0
474,2032,BEV_S1_2032,1,Use,Electricity,D1,49740.0
475,2032,BEV_S1_2032,10,Use,Electricity,D1,102000.0
476,2032,LNG_S3_2032,1,Use,LNG,D1,7133.0
477,2032,LNG_S3_2031,16,Use,LNG,D1,73000.0
478,2032,LNG_S3_2032,7,Use,LNG,D1,73000.0
479,2032,LNG_S2_2032,1,Use,LNG,D1,91890.0
480,2032,LNG_S2_2031,9,Use,LNG,D1,106000.0
481,2032,LNG_S3_2031,1,Use,BioLNG,D2,16674.0
482,2032,LNG_S2_2031,1,Use,BioLNG,D2,63215.0
483,2032,LNG_S3_2029,10,Use,BioLNG,D2,73000.0
484,2032,LNG_S3_2030,8,Use,BioLNG,D2,73000.0
485,2032,LNG_S1_2029,1,Use,BioLNG,D2,102000.0
486,2032,LNG_S2_2030,3,Use,BioLNG,D2,106000.0
487,2032,LNG_S2_2031,2,Use,BioLNG,D2,106000.0
488,2032,LNG_S4_2030,1,Use,BioLNG,D2,118000.0
489,2032,BEV_S1_2032,1,Use,Electricity,D2,64934.0
490,2032,BEV_S1_2032,30,Use,Electricity,D2,102000.0
491,2032,LNG_S4_2032,1,Use,LNG,D2,23461.0
492,2032,LNG_S3_2029,5,Use,LNG,D2,73000.0
493,2032,LNG_S3_2030,16,Use,LNG,D2,73000.0
494,2032,LNG_S1_2029,2,Use,LNG,D2,102000.0
495,2032,LNG_S2_2030,6,Use,LNG,D2,106000.0
496,2032,LNG_S2_2031,5,Use,LNG,D2,106000.0
497,2032,LNG_S4_2029,7,Use,LNG,D2,118000.0
498,2032,LNG_S3_2029,1,Use,BioLNG,D3,13261.0
499,2032,LNG_S3_2029,4,Use,BioLNG,D3,73000.0
500,2032,LNG_S1_2028,15,Use,BioLNG,D3,102000.0
501,2032,LNG_S2_2030,3,Use,BioLNG,D3,106000.0
502,2032,LNG_S4_2029,1,Use,BioLNG,D3,118000.0
503,2032,BEV_S1_2030,4,Use,Electricity,D3,102000.0
504,2032,BEV_S1_2031,4,Use,Electricity,D3,102000.0
505,2032,LNG_S4_2029,1,Use,LNG,D3,23391.0
506,2032,LNG_S2_2030,1,Use,LNG,D3,26430.0
507,2032,LNG_S1_2028,1,Use,LNG,D3,55026.0
508,2032,LNG_S3_2029,13,Use,LNG,D3,73000.0
509,2032,LNG_S1_2028,18,Use,LNG,D3,102000.0
510,2032,LNG_S2_2029,1,Use,LNG,D3,106000.0
511,2032,LNG_S2_2030,5,Use,LNG,D3,106000.0
512,2032,LNG_S4_2029,1,Use,BioLNG,D4,2230.0
513,2032,LNG_S3_2029,2,Use,BioLNG,D4,73000.0
514,2032,LNG_S1_2028,1,Use,BioLNG,D4,102000.0
515,2032,LNG_S2_2028,1,Use,BioLNG,D4,106000.0
516,2032,LNG_S3_2029,1,Use,LNG,D4,31479.0
517,2032,LNG_S1_2028,1,Use,LNG,D4,32921.0
518,2032,LNG_S2_2029,1,Use,LNG,D4,57126.0
519,2032,LNG_S3_2029,1,Use,LNG,D4,73000.0
520,2032,LNG_S1_2028,4,Use,LNG,D4,102000.0
521,2032,LNG_S1_2028,37,Sell,,,0.0
522,2032,LNG_S2_2028,1,Sell,,,0.0
523,2032,LNG_S4_2029,10,Sell,,,0.0
524,2032,LNG_S4_2030,1,Sell,,,0.0
525,2033,BEV_S1_2033,39,Buy,,,0.0
526,2033,BEV_S2_2033,2,Buy,,,0.0
527,2033,BEV_S4_2033,11,Buy,,,0.0
528,2033,LNG_S3_2033,2,Buy,,,0.0
529,2033,LNG_S3_2031,5,Use,BioLNG,D1,73000.0
530,2033,LNG_S3_2032,5,Use,BioLNG,D1,73000.0
531,2033,LNG_S2_2031,1,Use,BioLNG,D1,106000.0
532,2033,BEV_S2_2033,1,Use,Electricity,D1,11026.0
533,2033,BEV_S4_2033,1,Use,Electricity,D1,19951.0
534,2033,BEV_S1_2033,1,Use,Electricity,D1,50915.0
535,2033,BEV_S1_2033,10,Use,Electricity,D1,102000.0
536,2033,BEV_S2_2033,1,Use,Electricity,D1,106000.0
537,2033,LNG_S3_2033,1,Use,LNG,D1,46991.0
538,2033,LNG_S3_2031,21,Use,LNG,D1,73000.0
539,2033,LNG_S3_2032,6,Use,LNG,D1,73000.0
540,2033,LNG_S3_2033,1,Use,LNG,D1,73000.0
541,2033,LNG_S2_2031,8,Use,LNG,D1,106000.0
542,2033,LNG_S2_2032,2,Use,LNG,D1,106000.0
543,2033,LNG_S3_2029,6,Use,BioLNG,D2,73000.0
544,2033,LNG_S3_2030,9,Use,BioLNG,D2,73000.0
545,2033,LNG_S2_2031,3,Use,BioLNG,D2,106000.0
546,2033,BEV_S1_2033,1,Use,Electricity,D2,23886.0
547,2033,BEV_S4_2033,1,Use,Electricity,D2,69174.0
548,2033,BEV_S1_2032,1,Use,Electricity,D2,102000.0
549,2033,BEV_S1_2033,27,Use,Electricity,D2,102000.0
550,2033,BEV_S4_2033,8,Use,Electricity,D2,118000.0
551,2033,LNG_S3_2031,1,Use,LNG,D2,54170.0
552,2033,LNG_S3_2029,9,Use,LNG,D2,73000.0
553,2033,LNG_S3_2030,15,Use,LNG,D2,73000.0
554,2033,LNG_S3_2031,1,Use,LNG,D2,73000.0
555,2033,LNG_S2_2031,1,Use,LNG,D2,94314.0
556,2033,LNG_S1_2028,3,Use,LNG,D2,102000.0
557,2033,LNG_S1_2029,3,Use,LNG,D2,102000.0
558,2033,LNG_S2_2030,8,Use,LNG,D2,106000.0
559,2033,LNG_S2_2031,5,Use,LNG,D2,106000.0
560,2033,LNG_S3_2029,7,Use,BioLNG,D3,73000.0
561,2033,LNG_S4_2032,1,Use,BioLNG,D3,118000.0
562,2033,BEV_S1_2032,1,Use,Electricity,D3,6083.0
563,2033,BEV_S4_2033,1,Use,Electricity,D3,28270.0
564,2033,BEV_S1_2030,4,Use,Electricity,D3,102000.0
565,2033,BEV_S1_2031,4,Use,Electricity,D3,102000.0
566,2033,BEV_S1_2032,34,Use,Electricity,D3,102000.0
567,2033,LNG_S3_2029,1,Use,LNG,D3,29139.0
568,2033,LNG_S2_2030,1,Use,LNG,D3,53259.0
569,2033,LNG_S3_2029,10,Use,LNG,D3,73000.0
570,2033,LNG_S2_2030,9,Use,LNG,D3,106000.0
571,2033,BEV_S1_2032,1,Use,Electricity,D4,53313.0
572,2033,BEV_S1_2032,5,Use,Electricity,D4,102000.0
573,2033,LNG_S4_2032,1,Use,LNG,D4,2236.0
574,2033,LNG_S3_2029,1,Use,LNG,D4,43313.0
575,2033,LNG_S2_2029,1,Use,LNG,D4,62141.0
576,2033,LNG_S3_2029,3,Use,LNG,D4,73000.0
577,2033,LNG_S2_2029,1,Use,LNG,D4,106000.0
578,2033,LNG_S1_2028,3,Sell,,,0.0
579,2033,LNG_S1_2029,3,Sell,,,0.0
580,2033,LNG_S2_2029,2,Sell,,,0.0
581,2033,LNG_S3_2029,37,Sell,,,0.0
582,2033,LNG_S3_2030,5,Sell,,,0.0
583,2034,BEV_S1_2034,8,Buy,,,0.0
584,2034,BEV_S2_2034,3,Buy,,,0.0
585,2034,BEV_S3_2034,45,Buy,,,0.0
586,2034,BEV_S3_2034,1,Use,Electricity,D1,58153.0
587,2034,BEV_S1_2034,1,Use,Electricity,D1,60198.0
588,2034,BEV_S2_2034,1,Use,Electricity,D1,72795.0
589,2034,BEV_S3_2034,38,Use,Electricity,D1,73000.0
590,2034,BEV_S1_2033,3,Use,Electricity,D1,102000.0
591,2034,BEV_S1_2034,7,Use,Electricity,D1,102000.0
592,2034,BEV_S2_2034,2,Use,Electricity,D1,106000.0
593,2034,LNG_S4_2032,1,Use,LNG,D1,20807.0
594,2034,LNG_S2_2031,8,Use,LNG,D1,106000.0
595,2034,LNG_S2_2032,2,Use,LNG,D1,106000.0
596,2034,BEV_S3_2034,1,Use,Electricity,D2,30840.0
597,2034,BEV_S1_2033,1,Use,Electricity,D2,36840.0
598,2034,BEV_S3_2034,5,Use,Electricity,D2,73000.0
599,2034,BEV_S1_2033,35,Use,Electricity,D2,102000.0
600,2034,BEV_S4_2033,8,Use,Electricity,D2,118000.0
601,2034,LNG_S2_2031,1,Use,LNG,D2,67435.0
602,2034,LNG_S3_2031,24,Use,LNG,D2,73000.0
603,2034,LNG_S3_2032,11,Use,LNG,D2,73000.0
604,2034,LNG_S3_2033,2,Use,LNG,D2,73000.0
605,2034,LNG_S2_2030,8,Use,LNG,D2,106000.0
606,2034,LNG_S2_2031,9,Use,LNG,D2,106000.0
607,2034,LNG_S4_2032,1,Use,LNG,D2,113133.0
608,2034,BEV_S4_2033,1,Use,Electricity,D3,28333.0
609,2034,BEV_S1_2032,1,Use,Electricity,D3,88763.0
610,2034,BEV_S1_2030,4,Use,Electricity,D3,102000.0
611,2034,BEV_S1_2031,4,Use,Electricity,D3,102000.0
612,2034,BEV_S1_2032,35,Use,Electricity,D3,102000.0
613,2034,BEV_S4_2033,1,Use,Electricity,D3,118000.0
614,2034,LNG_S3_2031,1,Use,LNG,D3,6768.0
615,2034,LNG_S3_2030,15,Use,LNG,D3,73000.0
616,2034,LNG_S3_2031,3,Use,LNG,D3,73000.0
617,2034,LNG_S2_2030,1,Use,LNG,D3,89936.0
618,2034,LNG_S2_2030,9,Use,LNG,D3,106000.0
619,2034,BEV_S4_2033,1,Use,Electricity,D4,2280.0
620,2034,BEV_S2_2033,1,Use,Electricity,D4,63472.0
621,2034,BEV_S1_2032,1,Use,Electricity,D4,65445.0
622,2034,BEV_S1_2032,5,Use,Electricity,D4,102000.0
623,2034,BEV_S2_2033,1,Use,Electricity,D4,106000.0
624,2034,LNG_S3_2030,1,Use,LNG,D4,54053.0
625,2034,LNG_S3_2030,3,Use,LNG,D4,73000.0
626,2034,LNG_S2_2030,18,Sell,,,0.0
627,2034,LNG_S3_2030,19,Sell,,,0.0
628,2034,LNG_S3_2031,12,Sell,,,0.0
629,2034,LNG_S4_2032,2,Sell,,,0.0
630,2035,BEV_S1_2035,1,Buy,,,0.0
631,2035,BEV_S2_2035,19,Buy,,,0.0
632,2035,BEV_S3_2035,34,Buy,,,0.0
633,2035,BEV_S4_2035,3,Buy,,,0.0
634,2035,BEV_S4_2035,1,Use,Electricity,D1,21666.0
635,2035,BEV_S3_2035,1,Use,Electricity,D1,61543.0
636,2035,BEV_S3_2035,33,Use,Electricity,D1,73000.0
637,2035,BEV_S2_2035,1,Use,Electricity,D1,78533.0
638,2035,BEV_S1_2035,1,Use,Electricity,D1,86719.0
639,2035,BEV_S1_2033,2,Use,Electricity,D1,102000.0
640,2035,BEV_S1_2034,8,Use,Electricity,D1,102000.0
641,2035,BEV_S2_2035,12,Use,Electricity,D1,106000.0
642,2035,LNG_S3_2032,4,Use,LNG,D1,73000.0
643,2035,LNG_S3_2033,2,Use,LNG,D1,73000.0
644,2035,BEV_S2_2035,1,Use,Electricity,D2,26621.0
645,2035,BEV_S4_2035,1,Use,Electricity,D2,45787.0
646,2035,BEV_S3_2034,22,Use,Electricity,D2,73000.0
647,2035,BEV_S1_2033,1,Use,Electricity,D2,74146.0
648,2035,BEV_S1_2033,36,Use,Electricity,D2,102000.0
649,2035,BEV_S2_2035,5,Use,Electricity,D2,106000.0
650,2035,BEV_S4_2033,8,Use,Electricity,D2,118000.0
651,2035,BEV_S4_2035,1,Use,Electricity,D2,118000.0
652,2035,LNG_S3_2032,1,Use,LNG,D2,35401.0
653,2035,LNG_S3_2031,16,Use,LNG,D2,73000.0
654,2035,LNG_S3_2032,6,Use,LNG,D2,73000.0
655,2035,LNG_S2_2031,11,Use,LNG,D2,106000.0
656,2035,LNG_S2_2032,2,Use,LNG,D2,106000.0
657,2035,BEV_S4_2033,1,Use,Electricity,D3,29590.0
658,2035,BEV_S3_2034,1,Use,Electricity,D3,46337.0
659,2035,BEV_S3_2034,18,Use,Electricity,D3,73000.0
660,2035,BEV_S1_2032,1,Use,Electricity,D3,90447.0
661,2035,BEV_S1_2030,4,Use,Electricity,D3,102000.0
662,2035,BEV_S1_2031,4,Use,Electricity,D3,102000.0
663,2035,BEV_S1_2032,35,Use,Electricity,D3,102000.0
664,2035,BEV_S2_2034,3,Use,Electricity,D3,106000.0
665,2035,BEV_S4_2033,1,Use,Electricity,D3,118000.0
666,2035,LNG_S2_2031,1,Use,LNG,D3,99870.0
667,2035,LNG_S2_2031,6,Use,LNG,D3,106000.0
668,2035,BEV_S4_2033,1,Use,Electricity,D4,2369.0
669,2035,BEV_S3_2034,1,Use,Electricity,D4,55741.0
670,2035,BEV_S2_2033,1,Use,Electricity,D4,70929.0
671,2035,BEV_S3_2034,3,Use,Electricity,D4,73000.0
672,2035,BEV_S1_2032,1,Use,Electricity,D4,78196.0
673,2035,BEV_S1_2032,5,Use,Electricity,D4,102000.0
674,2035,BEV_S2_2033,1,Use,Electricity,D4,106000.0
675,2035,BEV_S1_2030,4,Sell,,,0.0
676,2035,BEV_S4_2033,11,Sell,,,0.0
677,2035,LNG_S2_2031,18,Sell,,,0.0
678,2035,LNG_S3_2031,16,Sell,,,0.0
679,2035,LNG_S3_2032,3,Sell,,,0.0
680,2036,BEV_S1_2036,8,Buy,,,0.0
681,2036,BEV_S2_2036,20,Buy,,,0.0
682,2036,BEV_S3_2036,20,Buy,,,0.0
683,2036,BEV_S4_2036,11,Buy,,,0.0
684,2036,BEV_S2_2036,1,Use,Electricity,D1,10729.0
685,2036,BEV_S1_2036,1,Use,Electricity,D1,21702.0
686,2036,BEV_S4_2036,1,Use,Electricity,D1,22740.0
687,2036,BEV_S3_2036,1,Use,Electricity,D1,63351.0
688,2036,BEV_S3_2035,11,Use,Electricity,D1,73000.0
689,2036,BEV_S3_2036,19,Use,Electricity,D1,73000.0
690,2036,BEV_S1_2034,3,Use,Electricity,D1,102000.0
691,2036,BEV_S1_2035,1,Use,Electricity,D1,102000.0
692,2036,BEV_S1_2036,7,Use,Electricity,D1,102000.0
693,2036,BEV_S2_2036,13,Use,Electricity,D1,106000.0
694,2036,LNG_S3_2032,8,Use,LNG,D1,73000.0
695,2036,LNG_S3_2033,2,Use,LNG,D1,73000.0
696,2036,BEV_S1_2034,1,Use,Electricity,D2,47393.0
697,2036,BEV_S3_2035,1,Use,Electricity,D2,57872.0
698,2036,BEV_S4_2036,1,Use,Electricity,D2,72238.0
699,2036,BEV_S3_2034,22,Use,Electricity,D2,73000.0
700,2036,BEV_S3_2035,22,Use,Electricity,D2,73000.0
701,2036,BEV_S2_2036,1,Use,Electricity,D2,74301.0
702,2036,BEV_S1_2033,33,Use,Electricity,D2,102000.0
703,2036,BEV_S1_2034,4,Use,Electricity,D2,102000.0
704,2036,BEV_S2_2035,11,Use,Electricity,D2,106000.0
705,2036,BEV_S2_2036,5,Use,Electricity,D2,106000.0
706,2036,BEV_S4_2036,9,Use,Electricity,D2,118000.0
707,2036,LNG_S2_2032,2,Use,LNG,D2,106000.0
708,2036,BEV_S1_2033,1,Use,Electricity,D3,9217.0
709,2036,BEV_S4_2035,1,Use,Electricity,D3,33090.0
710,2036,BEV_S2_2035,1,Use,Electricity,D3,43197.0
711,2036,BEV_S3_2034,1,Use,Electricity,D3,63326.0
712,2036,BEV_S3_2034,18,Use,Electricity,D3,73000.0
713,2036,BEV_S1_2031,4,Use,Electricity,D3,102000.0
714,2036,BEV_S1_2032,36,Use,Electricity,D3,102000.0
715,2036,BEV_S1_2033,5,Use,Electricity,D3,102000.0
716,2036,BEV_S2_2034,3,Use,Electricity,D3,106000.0
717,2036,BEV_S2_2035,7,Use,Electricity,D3,106000.0
718,2036,BEV_S4_2035,1,Use,Electricity,D3,118000.0
719,2036,BEV_S4_2035,1,Use,Electricity,D4,2412.0
720,2036,BEV_S3_2034,1,Use,Electricity,D4,61914.0
721,2036,BEV_S3_2034,3,Use,Electricity,D4,73000.0
722,2036,BEV_S2_2033,1,Use,Electricity,D4,74140.0
723,2036,BEV_S1_2032,1,Use,Electricity,D4,92557.0
724,2036,BEV_S1_2032,5,Use,Electricity,D4,102000.0
725,2036,BEV_S2_2033,1,Use,Electricity,D4,106000.0
726,2036,BEV_S1_2031,4,Sell,,,0.0
727,2036,BEV_S1_2032,36,Sell,,,0.0
728,2036,BEV_S2_2033,2,Sell,,,0.0
729,2036,LNG_S2_2032,2,Sell,,,0.0
730,2036,LNG_S3_2032,8,Sell,,,0.0
731,2036,LNG_S3_2033,2,Sell,,,0.0
732,2037,BEV_S1_2037,42,Buy,,,0.0
733,2037,BEV_S2_2037,5,Buy,,,0.0
734,2037,BEV_S3_2037,13,Buy,,,0.0
735,2037,BEV_S4_2036,1,Use,Electricity,D1,23254.0
736,2037,BEV_S2_2037,1,Use,Electricity,D1,24031.0
737,2037,BEV_S3_2037,1,Use,Electricity,D1,62820.0
738,2037,BEV_S3_2035,10,Use,Electricity,D1,73000.0
739,2037,BEV_S3_2036,20,Use,Electricity,D1,73000.0
740,2037,BEV_S3_2037,12,Use,Electricity,D1,73000.0
741,2037,BEV_S1_2037,1,Use,Electricity,D1,74265.0
742,2037,BEV_S1_2037,11,Use,Electricity,D1,102000.0
743,2037,BEV_S2_2036,9,Use,Electricity,D1,106000.0
744,2037,BEV_S2_2037,4,Use,Electricity,D1,106000.0
745,2037,BEV_S3_2035,1,Use,Electricity,D2,62991.0
746,2037,BEV_S2_2036,1,Use,Electricity,D2,65105.0
747,2037,BEV_S3_2034,21,Use,Electricity,D2,73000.0
748,2037,BEV_S3_2035,23,Use,Electricity,D2,73000.0
749,2037,BEV_S1_2037,1,Use,Electricity,D2,77052.0
750,2037,BEV_S4_2036,1,Use,Electricity,D2,84520.0
751,2037,BEV_S1_2035,1,Use,Electricity,D2,102000.0
752,2037,BEV_S1_2036,8,Use,Electricity,D2,102000.0
753,2037,BEV_S1_2037,29,Use,Electricity,D2,102000.0
754,2037,BEV_S2_2035,9,Use,Electricity,D2,106000.0
755,2037,BEV_S2_2036,10,Use,Electricity,D2,106000.0
756,2037,BEV_S4_2036,9,Use,Electricity,D2,118000.0
757,2037,BEV_S4_2035,1,Use,Electricity,D3,38518.0
758,2037,BEV_S3_2034,1,Use,Electricity,D3,70988.0
759,2037,BEV_S2_2035,1,Use,Electricity,D3,71832.0
760,2037,BEV_S3_2034,18,Use,Electricity,D3,73000.0
761,2037,BEV_S1_2034,1,Use,Electricity,D3,73966.0
762,2037,BEV_S1_2033,38,Use,Electricity,D3,102000.0
763,2037,BEV_S1_2034,7,Use,Electricity,D3,102000.0
764,2037,BEV_S2_2034,1,Use,Electricity,D3,106000.0
765,2037,BEV_S2_2035,9,Use,Electricity,D3,106000.0
766,2037,BEV_S4_2035,1,Use,Electricity,D3,118000.0
767,2037,BEV_S3_2034,1,Use,Electricity,D4,856.0
768,2037,BEV_S4_2035,1,Use,Electricity,D4,2414.0
769,2037,BEV_S1_2033,1,Use,Electricity,D4,18092.0
770,2037,BEV_S3_2034,4,Use,Electricity,D4,73000.0
771,2037,BEV_S2_2034,1,Use,Electricity,D4,80733.0
772,2037,BEV_S1_2032,6,Use,Electricity,D4,102000.0
773,2037,BEV_S2_2034,1,Use,Electricity,D4,106000.0
774,2037,BEV_S1_2032,6,Sell,,,0.0
775,2037,BEV_S2_2034,1,Sell,,,0.0
776,2037,BEV_S3_2034,45,Sell,,,0.0
777,2037,BEV_S4_2035,3,Sell,,,0.0
778,2038,BEV_S1_2038,10,Buy,,,0.0
779,2038,BEV_S2_2038,3,Buy,,,0.0
780,2038,BEV_S3_2038,49,Buy,,,0.0
781,2038,BEV_S4_2038,3,Buy,,,0.0
782,2038,BEV_S3_2038,1,Use,Electricity,D1,17278.0
783,2038,BEV_S4_2038,1,Use,Electricity,D1,23437.0
784,2038,BEV_S1_2038,1,Use,Electricity,D1,30358.0
785,2038,BEV_S2_2038,1,Use,Electricity,D1,32693.0
786,2038,BEV_S3_2038,44,Use,Electricity,D1,73000.0
787,2038,BEV_S1_2037,3,Use,Electricity,D1,102000.0
788,2038,BEV_S1_2038,9,Use,Electricity,D1,102000.0
789,2038,BEV_S2_2036,6,Use,Electricity,D1,106000.0
790,2038,BEV_S2_2037,5,Use,Electricity,D1,106000.0
791,2038,BEV_S2_2038,2,Use,Electricity,D1,106000.0
792,2038,BEV_S3_2038,1,Use,Electricity,D2,12618.0
793,2038,BEV_S1_2037,1,Use,Electricity,D2,16169.0
794,2038,BEV_S2_2036,1,Use,Electricity,D2,31804.0
795,2038,BEV_S3_2035,9,Use,Electricity,D2,73000.0
796,2038,BEV_S3_2036,20,Use,Electricity,D2,73000.0
797,2038,BEV_S3_2037,13,Use,Electricity,D2,73000.0
798,2038,BEV_S3_2038,3,Use,Electricity,D2,73000.0
799,2038,BEV_S4_2038,1,Use,Electricity,D2,86555.0
800,2038,BEV_S1_2036,1,Use,Electricity,D2,102000.0
801,2038,BEV_S1_2037,38,Use,Electricity,D2,102000.0
802,2038,BEV_S2_2035,7,Use,Electricity,D2,106000.0
803,2038,BEV_S2_2036,13,Use,Electricity,D2,106000.0
804,2038,BEV_S4_2036,8,Use,Electricity,D2,118000.0
805,2038,BEV_S4_2038,1,Use,Electricity,D2,118000.0
806,2038,BEV_S2_2035,1,Use,Electricity,D3,21938.0
807,2038,BEV_S4_2036,1,Use,Electricity,D3,43386.0
808,2038,BEV_S1_2036,1,Use,Electricity,D3,53871.0
809,2038,BEV_S3_2035,1,Use,Electricity,D3,61550.0
810,2038,BEV_S3_2035,19,Use,Electricity,D3,73000.0
811,2038,BEV_S1_2033,32,Use,Electricity,D3,102000.0
812,2038,BEV_S1_2034,8,Use,Electricity,D3,102000.0
813,2038,BEV_S1_2035,1,Use,Electricity,D3,102000.0
814,2038,BEV_S1_2036,6,Use,Electricity,D3,102000.0
815,2038,BEV_S2_2035,11,Use,Electricity,D3,106000.0
816,2038,BEV_S4_2036,1,Use,Electricity,D3,118000.0
817,2038,BEV_S4_2036,1,Use,Electricity,D4,2446.0
818,2038,BEV_S3_2035,1,Use,Electricity,D4,14910.0
819,2038,BEV_S1_2033,1,Use,Electricity,D4,30216.0
820,2038,BEV_S3_2035,4,Use,Electricity,D4,73000.0
821,2038,BEV_S2_2034,1,Use,Electricity,D4,84889.0
822,2038,BEV_S1_2033,6,Use,Electricity,D4,102000.0
823,2038,BEV_S2_2034,1,Use,Electricity,D4,106000.0
824,2038,BEV_S3_2038,49,Sell,,,0.0
825,2038,BEV_S4_2036,5,Sell,,,0.0
826,2038,BEV_S4_2038,3,Sell,,,0.0
